,,type,tai_khoan_nguon.account,tai_khoan_nhan.account,Ng…y,created_at,so_diem_can_mua,,,status
,,order_buy_mpg,an1993,an1993,26/07/2020 12:07,2020-07-26T12:07:00,500000.00,,,no_process
,,order_buy_mpg,nguyenlan77,nguyenlan77,26/07/2020 09:07,2020-07-26T09:07:00,600000.00,,,no_process
,,order_buy_mpg,doanvoc,doanvoc,26/07/2020 03:07,2020-07-26T03:07:00,200000.00,,,no_process
,,order_buy_mpg,doanvoc,doanvoc,26/07/2020 03:07,2020-07-26T03:07:00,200000.00,,,no_process
,,order_buy_mpg,tranthanhson,tranthanhson,25/07/2020 17:07,2020-07-25T17:07:00,1000000.00,,,no_process
,,order_buy_mpg,dieusyhanam,dieusyhanam,25/07/2020 01:07,2020-07-25T01:07:00,500000.00,,,no_process
,,order_buy_mpg,dunghoahathanh,dunghoahathanh,25/07/2020 01:07,2020-07-25T01:07:00,1000000.00,,,no_process
,,order_buy_mpg,lelanhaithanh,lelanhaithanh,25/07/2020 01:07,2020-07-25T01:07:00,30000000.00,,,no_process
,,order_buy_mpg,vuthuong83,vuthuong83,24/07/2020 21:07,2020-07-24T21:07:00,1000000.00,,,no_process
,,order_buy_mpg,quocbao2020,quocbao2020,24/07/2020 17:07,2020-07-24T17:07:00,500000.00,,,no_process
,,order_buy_mpg,daucong89,daucong89,24/07/2020 15:07,2020-07-24T15:07:00,870000.00,,,no_process
,,order_buy_mpg,phamha,phamha,24/07/2020 12:07,2020-07-24T12:07:00,510000.00,,,no_process
,,order_buy_mpg,lethu20,lethu20,24/07/2020 09:07,2020-07-24T09:07:00,500000.00,,,no_process
,,order_buy_mpg,hothao86,hothao86,24/07/2020 07:07,2020-07-24T07:07:00,890000.00,,,no_process
,,order_buy_mpg,phanuan70,phanuan70,23/07/2020 21:07,2020-07-23T21:07:00,500000.00,,,no_process
,,order_buy_mpg,bacuc,bacuc,23/07/2020 21:07,2020-07-23T21:07:00,703000.00,,,no_process
,,order_buy_mpg,lehang85,lehang85,23/07/2020 17:07,2020-07-23T17:07:00,545000.00,,,no_process
,,order_buy_mpg,quynhnga,quynhnga,23/07/2020 14:07,2020-07-23T14:07:00,555000.00,,,no_process
,,order_buy_mpg,huong62,huong62,23/07/2020 11:07,2020-07-23T11:07:00,500000.00,,,no_process
,,order_buy_mpg,thuyvan,thuyvan,22/07/2020 16:07,2020-07-22T16:07:00,528000.00,,,no_process
,,order_buy_mpg,Thuha97,Thuha97,22/07/2020 12:07,2020-07-22T12:07:00,7540000.00,,,no_process
,,order_buy_mpg,Chung1963,Chung1963,22/07/2020 12:07,2020-07-22T12:07:00,7540000.00,,,no_process
,,order_buy_mpg,Thuha97,Thuha97,22/07/2020 12:07,2020-07-22T12:07:00,14790000.00,,,no_process
,,order_buy_mpg,Hoaduong86,Hoaduong86,22/07/2020 12:07,2020-07-22T12:07:00,14790000.00,,,no_process
,,order_buy_mpg,Hoaduong86,Hoaduong86,22/07/2020 12:07,2020-07-22T12:07:00,14790000.00,,,no_process
,,order_buy_mpg,Hoaduong86,Hoaduong86,22/07/2020 12:07,2020-07-22T12:07:00,25810000.00,,,no_process
,,order_buy_mpg,huyentg,huyentg,22/07/2020 12:07,2020-07-22T12:07:00,520000.00,,,no_process
,,order_buy_mpg,nguyet37,nguyet37,22/07/2020 10:07,2020-07-22T10:07:00,515000.00,,,no_process
,,order_buy_mpg,nguyenvan,nguyenvan,21/07/2020 18:07,2020-07-21T18:07:00,522000.00,,,no_process
,,order_buy_mpg,hoangngo,hoangngo,21/07/2020 18:07,2020-07-21T18:07:00,620000.00,,,no_process
,,order_buy_mpg,Thihien123,Thihien123,21/07/2020 17:07,2020-07-21T17:07:00,500000.00,,,no_process
,,order_buy_mpg,huong87,huong87,21/07/2020 15:07,2020-07-21T15:07:00,533000.00,,,no_process
,,order_buy_mpg,huong87,huong87,21/07/2020 15:07,2020-07-21T15:07:00,533000.00,,,no_process
,,order_buy_mpg,thang59,thang59,21/07/2020 15:07,2020-07-21T15:07:00,510000.00,,,no_process
,,order_buy_mpg,thang59,thang59,21/07/2020 15:07,2020-07-21T15:07:00,510000.00,,,no_process
,,order_buy_mpg,Hoa60,Hoa60,21/07/2020 15:07,2020-07-21T15:07:00,689000.00,,,no_process
,,order_buy_mpg,luong65,luong65,21/07/2020 14:07,2020-07-21T14:07:00,573000.00,,,no_process
,,order_buy_mpg,thanh89,thanh89,21/07/2020 14:07,2020-07-21T14:07:00,560000.00,,,no_process
,,order_buy_mpg,man62,man62,21/07/2020 14:07,2020-07-21T14:07:00,500000.00,,,no_process
,,order_buy_mpg,huong37,huong37,21/07/2020 13:07,2020-07-21T13:07:00,20440000.00,,,no_process
,,order_buy_mpg,huong37,huong37,21/07/2020 10:07,2020-07-21T10:07:00,20440000.00,,,no_process
,,order_buy_mpg,huong37,huong37,21/07/2020 10:07,2020-07-21T10:07:00,20440000.00,,,no_process
,,order_buy_mpg,tranquang77,tranquang77,21/07/2020 10:07,2020-07-21T10:07:00,1000000.00,,,no_process
,,order_buy_mpg,doanvoc,doanvoc,21/07/2020 09:07,2020-07-21T09:07:00,200000.00,,,no_process
,,order_buy_mpg,hoangduc,hoangduc,21/07/2020 09:07,2020-07-21T09:07:00,500000.00,,,no_process
,,order_buy_mpg,caolan80,caolan80,21/07/2020 09:07,2020-07-21T09:07:00,520000.00,,,no_process
,,order_buy_mpg,leha81,leha81,21/07/2020 08:07,2020-07-21T08:07:00,500000.00,,,no_process
,,order_buy_mpg,quynh95,quynh95,21/07/2020 07:07,2020-07-21T07:07:00,20000000.00,,,no_process
,,order_buy_mpg,vanvu,vanvu,21/07/2020 07:07,2020-07-21T07:07:00,555000.00,,,no_process
,,order_buy_mpg,thanhtrieu92,thanhtrieu92,21/07/2020 00:07,2020-07-21T00:07:00,23610000.00,,,no_process
,,order_buy_mpg,hieuhieu08,hieuhieu08,20/07/2020 23:07,2020-07-20T23:07:00,20000000.00,,,no_process
,,order_buy_mpg,Myhoa60,Myhoa60,20/07/2020 22:07,2020-07-20T22:07:00,320000.00,,,no_process
,,order_buy_mpg,tranlien01,tranlien01,20/07/2020 22:07,2020-07-20T22:07:00,20000000.00,,,no_process
,,order_buy_mpg,Ngocanh,Ngocanh,20/07/2020 22:07,2020-07-20T22:07:00,180000.00,,,no_process
,,order_buy_mpg,Lelai,Lelai,20/07/2020 22:07,2020-07-20T22:07:00,175000.00,,,no_process
,,order_buy_mpg,Myhoa60,Myhoa60,20/07/2020 22:07,2020-07-20T22:07:00,320.00,,,no_process
,,order_buy_mpg,luongminh80,luongminh80,20/07/2020 22:07,2020-07-20T22:07:00,540000.00,,,no_process
,,order_buy_mpg,phamthu85,phamthu85,20/07/2020 21:07,2020-07-20T21:07:00,500000.00,,,no_process
,,order_buy_mpg,Thuhuong62,Thuhuong62,20/07/2020 21:07,2020-07-20T21:07:00,215000.00,,,no_process
,,order_buy_mpg,phamdao,phamdao,20/07/2020 21:07,2020-07-20T21:07:00,1476000.00,,,no_process
,,order_buy_mpg,trannhung20,trannhung20,20/07/2020 21:07,2020-07-20T21:07:00,1000000.00,,,no_process
,,order_buy_mpg,trannhung20,trannhung20,20/07/2020 21:07,2020-07-20T21:07:00,500000.00,,,no_process
,,order_buy_mpg,ngocvu85,ngocvu85,20/07/2020 21:07,2020-07-20T21:07:00,30000000.00,,,no_process
,,order_buy_mpg,Vinh866,Vinh866,20/07/2020 19:07,2020-07-20T19:07:00,30000000.00,,,no_process
,,order_buy_mpg,Thanhliem123,Thanhliem123,20/07/2020 19:07,2020-07-20T19:07:00,30000000.00,,,no_process
,,order_buy_mpg,Thanhliem123,Thanhliem123,20/07/2020 19:07,2020-07-20T19:07:00,3000000.00,,,no_process
,,order_buy_mpg,minh1960,minh1960,20/07/2020 18:07,2020-07-20T18:07:00,600000.00,,,no_process
,,order_buy_mpg,nnguyenoanh,nnguyenoanh,20/07/2020 16:07,2020-07-20T16:07:00,315000.00,,,no_process
,,order_buy_mpg,caotan37,caotan37,20/07/2020 16:07,2020-07-20T16:07:00,315000.00,,,no_process
,,order_buy_mpg,ky57,ky57,20/07/2020 16:07,2020-07-20T16:07:00,315000.00,,,no_process
,,order_buy_mpg,tatthanh93,tatthanh93,20/07/2020 16:07,2020-07-20T16:07:00,20000000.00,,,no_process
,,order_buy_mpg,hanh37,hanh37,20/07/2020 16:07,2020-07-20T16:07:00,546000.00,,,no_process
,,order_buy_mpg,ngominh37,ngominh37,20/07/2020 16:07,2020-07-20T16:07:00,500000.00,,,no_process
,,order_buy_mpg,tathilau,tathilau,20/07/2020 16:07,2020-07-20T16:07:00,20000000.00,,,no_process
,,order_buy_mpg,ninhhb,ninhhb,20/07/2020 16:07,2020-07-20T16:07:00,500000.00,,,no_process
,,order_buy_mpg,vinh866,vinh866,20/07/2020 16:07,2020-07-20T16:07:00,20000000.00,,,no_process
,,order_buy_mpg,nguyenlien68,nguyenlien68,20/07/2020 16:07,2020-07-20T16:07:00,20000000.00,,,no_process
,,order_buy_mpg,nguyenthithao37,nguyenthithao37,20/07/2020 16:07,2020-07-20T16:07:00,560000.00,,,no_process
,,order_buy_mpg,doanvoc,doanvoc,20/07/2020 16:07,2020-07-20T16:07:00,200.00,,,no_process
,,order_buy_mpg,hong37,hong37,20/07/2020 16:07,2020-07-20T16:07:00,780000.00,,,no_process
,,order_buy_mpg,thuong37,thuong37,20/07/2020 15:07,2020-07-20T15:07:00,22400000.00,,,no_process
,,order_buy_mpg,thannghe20,thannghe20,20/07/2020 15:07,2020-07-20T15:07:00,305000.00,,,no_process
,,order_buy_mpg,nguyendao,nguyendao,20/07/2020 15:07,2020-07-20T15:07:00,20000000.00,,,no_process
,,order_buy_mpg,dien75,dien75,20/07/2020 15:07,2020-07-20T15:07:00,20000000.00,,,no_process
,,order_buy_mpg,trang65,trang65,20/07/2020 15:07,2020-07-20T15:07:00,20000000.00,,,no_process
,,order_buy_mpg,daothithuyvinh,daothithuyvinh,20/07/2020 14:07,2020-07-20T14:07:00,529000.00,,,no_process
,,order_buy_mpg,hoangcau66,hoangcau66,20/07/2020 12:07,2020-07-20T12:07:00,520000.00,,,no_process
,,order_buy_mpg,tuyetxuan79,tuyetxuan79,20/07/2020 11:07,2020-07-20T11:07:00,20000000.00,,,no_process
,,order_buy_mpg,samaia,samaia,19/07/2020 15:07,2020-07-19T15:07:00,500000.00,,,no_process
,,order_buy_mpg,giang2020,giang2020,19/07/2020 11:07,2020-07-19T11:07:00,305000.00,,,no_process
,,order_buy_mpg,honghai2020,honghai2020,19/07/2020 10:07,2020-07-19T10:07:00,500000.00,,,no_process
,,order_buy_mpg,thuyhana20,thuyhana20,19/07/2020 09:07,2020-07-19T09:07:00,20072000.00,,,no_process
,,order_buy_mpg,anhha20,anhha20,19/07/2020 09:07,2020-07-19T09:07:00,2000000.00,,,no_process
,,order_buy_mpg,hoandc,hoandc,18/07/2020 21:07,2020-07-18T21:07:00,1120000.00,,,no_process
,,order_buy_mpg,hoandc,hoandc,18/07/2020 21:07,2020-07-18T21:07:00,5050000.00,,,no_process
,,order_buy_mpg,quang84,quang84,18/07/2020 18:07,2020-07-18T18:07:00,20000000.00,,,no_process
,,order_buy_mpg,haty89,haty89,18/07/2020 16:07,2020-07-18T16:07:00,600000.00,,,no_process
,,order_buy_mpg,nguyendao,nguyendao,18/07/2020 14:07,2020-07-18T14:07:00,580.00,,,no_process
,,order_buy_mpg,nguyendao,nguyendao,18/07/2020 14:07,2020-07-18T14:07:00,508.00,,,no_process
,,order_buy_mpg,thannghe20,thannghe20,18/07/2020 09:07,2020-07-18T09:07:00,30000000.00,,,no_process
,,order_buy_mpg,ngoquynh96,ngoquynh96,17/07/2020 21:07,2020-07-17T21:07:00,500000.00,,,no_process
,,order_buy_mpg,ngohuong95,ngohuong95,17/07/2020 21:07,2020-07-17T21:07:00,1000000.00,,,no_process
,,order_buy_mpg,lethuanna20,lethuanna20,17/07/2020 19:07,2020-07-17T19:07:00,350000.00,,,no_process
,,order_buy_mpg,hangtao20,hangtao20,17/07/2020 19:07,2020-07-17T19:07:00,1000.00,,,no_process
,,order_buy_mpg,luong72,luong72,17/07/2020 18:07,2020-07-17T18:07:00,10.00,,,no_process
,,order_buy_mpg,hoa60,hoa60,17/07/2020 18:07,2020-07-17T18:07:00,689000.00,,,no_process
,,order_buy_mpg,luong65,luong65,17/07/2020 18:07,2020-07-17T18:07:00,573000.00,,,no_process
,,order_buy_mpg,qui72,qui72,17/07/2020 17:07,2020-07-17T17:07:00,500000.00,,,no_process
,,order_buy_mpg,hoanglong,hoanglong,17/07/2020 17:07,2020-07-17T17:07:00,550000.00,,,no_process
,,order_buy_mpg,honghai2020,honghai2020,17/07/2020 17:07,2020-07-17T17:07:00,530000.00,,,no_process
,,order_buy_mpg,Nguyenphuong87,Nguyenphuong87,17/07/2020 15:07,2020-07-17T15:07:00,504000.00,,,no_process
,,order_buy_mpg,hanh37,hanh37,17/07/2020 10:07,2020-07-17T10:07:00,546000.00,,,no_process
,,order_buy_mpg,hong02,hong02,17/07/2020 04:07,2020-07-17T04:07:00,85000000.00,,,no_process
,,order_buy_mpg,qui72,qui72,15/07/2020 18:07,2020-07-15T18:07:00,500000.00,,,no_process
,,order_buy_mpg,thuyet37,thuyet37,15/07/2020 17:07,2020-07-15T17:07:00,525000.00,,,no_process
,,order_buy_mpg,nguyendao,nguyendao,15/07/2020 14:07,2020-07-15T14:07:00,890000.00,,,no_process
,,order_buy_mpg,hoanguyen,hoanguyen,15/07/2020 10:07,2020-07-15T10:07:00,600000.00,,,no_process
,,order_buy_mpg,donghuyen,donghuyen,14/07/2020 16:07,2020-07-14T16:07:00,20000000.00,,,no_process
,,order_buy_mpg,xuanhd7968,xuanhd7968,14/07/2020 16:07,2020-07-14T16:07:00,520000.00,,,no_process
,,order_buy_mpg,caohop87,caohop87,14/07/2020 15:07,2020-07-14T15:07:00,30258000.00,,,no_process
,,order_buy_mpg,nguyenphuong87,nguyenphuong87,14/07/2020 14:07,2020-07-14T14:07:00,504000.00,,,no_process
,,order_buy_mpg,Nguyenhoaquangxuong,Nguyenhoaquangxuong,14/07/2020 11:07,2020-07-14T11:07:00,20000000.00,,,no_process
,,order_buy_mpg,Hoandc,Hoandc,13/07/2020 22:07,2020-07-13T22:07:00,3930000.00,,,no_process
,,order_buy_mpg,doanthithuy,doanthithuy,13/07/2020 20:07,2020-07-13T20:07:00,30000000.00,,,no_process
,,order_buy_mpg,haitruong,haitruong,13/07/2020 17:07,2020-07-13T17:07:00,33015000.00,,,no_process
,,order_buy_mpg,thuthuyqn,thuthuyqn,13/07/2020 16:07,2020-07-13T16:07:00,21900000.00,,,no_process
,,order_buy_mpg,buiyen,buiyen,13/07/2020 16:07,2020-07-13T16:07:00,20802000.00,,,no_process
,,order_buy_mpg,thuminh91,thuminh91,12/07/2020 21:07,2020-07-12T21:07:00,500000.00,,,no_process
,,order_buy_mpg,Toahuynh93,Toahuynh93,12/07/2020 14:07,2020-07-12T14:07:00,6400000.00,,,no_process
,,order_buy_mpg,leluu01,leluu01,12/07/2020 10:07,2020-07-12T10:07:00,500000.00,,,no_process
,,order_buy_mpg,sonthao,sonthao,11/07/2020 20:07,2020-07-11T20:07:00,520000.00,,,no_process
,,order_buy_mpg,luule,luule,11/07/2020 18:07,2020-07-11T18:07:00,3010000.00,,,no_process
,,order_buy_mpg,hoantu86,hoantu86,11/07/2020 14:07,2020-07-11T14:07:00,694000.00,,,no_process
,,order_buy_mpg,buiyen,buiyen,11/07/2020 10:07,2020-07-11T10:07:00,20804000.00,,,no_process
,,order_buy_mpg,hoa82,hoa82,10/07/2020 14:07,2020-07-10T14:07:00,500000.00,,,no_process
,,order_buy_mpg,lucnam72,lucnam72,09/07/2020 22:07,2020-07-09T22:07:00,20000000.00,,,no_process
,,order_buy_mpg,thanhliemth1,thanhliemth1,09/07/2020 20:07,2020-07-09T20:07:00,200000.00,,,no_process
,,order_buy_mpg,ngoc64,ngoc64,09/07/2020 15:07,2020-07-09T15:07:00,500000.00,,,no_process
,,order_buy_mpg,tuanthanh,tuanthanh,09/07/2020 15:07,2020-07-09T15:07:00,500000.00,,,no_process
,,order_buy_mpg,tu52,tu52,09/07/2020 14:07,2020-07-09T14:07:00,758000.00,,,no_process
,,order_buy_mpg,dan59,dan59,09/07/2020 14:07,2020-07-09T14:07:00,500000.00,,,no_process
,,order_buy_mpg,doha84,doha84,08/07/2020 17:07,2020-07-08T17:07:00,3000000.00,,,no_process
,,order_buy_mpg,ha68,ha68,08/07/2020 15:07,2020-07-08T15:07:00,500000.00,,,no_process
,,order_buy_mpg,ha66,ha66,08/07/2020 15:07,2020-07-08T15:07:00,500000.00,,,no_process
,,order_buy_mpg,hien61,hien61,08/07/2020 14:07,2020-07-08T14:07:00,565000.00,,,no_process
,,order_buy_mpg,huongpham88,huongpham88,08/07/2020 09:07,2020-07-08T09:07:00,616000.00,,,no_process
,,order_buy_mpg,tam54,tam54,07/07/2020 15:07,2020-07-07T15:07:00,500000.00,,,no_process
,,order_buy_mpg,lehue20,lehue20,07/07/2020 12:07,2020-07-07T12:07:00,500000.00,,,no_process
,,order_buy_mpg,nghean37,nghean37,06/07/2020 17:07,2020-07-06T17:07:00,674000.00,,,no_process
,,order_buy_mpg,nghean37,nghean37,06/07/2020 17:07,2020-07-06T17:07:00,67400.00,,,no_process
,,order_buy_mpg,tatthanh93,tatthanh93,06/07/2020 16:07,2020-07-06T16:07:00,5078000.00,,,no_process
,,order_buy_mpg,hongtham,hongtham,05/07/2020 22:07,2020-07-05T22:07:00,500000.00,,,no_process
,,order_buy_mpg,nghean37,nghean37,02/07/2020 23:07,2020-07-02T23:07:00,270000.00,,,no_process
,,order_buy_mpg,lien67,lien67,02/07/2020 11:07,2020-07-02T11:07:00,542000.00,,,no_process
,,order_buy_mpg,Phuong01,Phuong01,02/07/2020 08:07,2020-07-02T08:07:00,520000.00,,,no_process
,,order_buy_mpg,quang59,quang59,02/07/2020 05:07,2020-07-02T05:07:00,510000.00,,,no_process
,,order_buy_mpg,dailyledao69ht,dailyledao69ht,01/07/2020 22:07,2020-07-01T22:07:00,20000000.00,,,no_process
,,order_buy_mpg,man62,man62,01/07/2020 18:07,2020-07-01T18:07:00,505000.00,,,no_process
,,order_buy_mpg,van96,van96,30/06/2020 16:06,2020-06-30T16:06:00,898000.00,,,no_process
,,order_buy_mpg,Thanhtruc123,Thanhtruc123,29/06/2020 21:06,2020-06-29T21:06:00,525000.00,,,no_process
,,order_buy_mpg,kimly1990,kimly1990,26/06/2020 23:06,2020-06-26T23:06:00,500000.00,,,no_process
,,order_buy_mpg,khanh76,khanh76,26/06/2020 22:06,2020-06-26T22:06:00,555000.00,,,no_process
,,order_buy_mpg,ha79,ha79,26/06/2020 21:06,2020-06-26T21:06:00,500000.00,,,no_process
,,order_buy_mpg,ha79,ha79,26/06/2020 21:06,2020-06-26T21:06:00,500000.00,,,no_process
,,order_buy_mpg,hoa71,hoa71,26/06/2020 17:06,2020-06-26T17:06:00,500000.00,,,no_process
,,order_buy_mpg,yennguyen91,yennguyen91,26/06/2020 15:06,2020-06-26T15:06:00,500000.00,,,no_process
,,order_buy_mpg,Hoa71,Hoa71,26/06/2020 14:06,2020-06-26T14:06:00,553000.00,,,no_process
,,order_buy_mpg,hoa71,hoa71,26/06/2020 14:06,2020-06-26T14:06:00,553000.00,,,no_process
,,order_buy_mpg,nguyet123,nguyet123,25/06/2020 16:06,2020-06-25T16:06:00,500000.00,,,no_process
,,order_buy_mpg,thanhtruc02,thanhtruc02,25/06/2020 09:06,2020-06-25T09:06:00,30000000.00,,,no_process
,,order_buy_mpg,leluyen,leluyen,24/06/2020 14:06,2020-06-24T14:06:00,1120000.00,,,no_process
,,order_buy_mpg,honu84,honu84,23/06/2020 15:06,2020-06-23T15:06:00,30000000.00,,,no_process
,,order_buy_mpg,0936461838,0936461838,23/06/2020 14:06,2020-06-23T14:06:00,500.00,,,no_process
,,order_buy_mpg,Ngochoa123,Ngochoa123,23/06/2020 14:06,2020-06-23T14:06:00,1000000.00,,,no_process
,,order_buy_mpg,hoangphuka,hoangphuka,23/06/2020 11:06,2020-06-23T11:06:00,21100000.00,,,no_process
,,order_buy_mpg,sydien72,sydien72,22/06/2020 23:06,2020-06-22T23:06:00,500000.00,,,no_process
,,order_buy_mpg,lengoc83,lengoc83,22/06/2020 21:06,2020-06-22T21:06:00,20000000.00,,,no_process
,,order_buy_mpg,nhuan87,nhuan87,22/06/2020 19:06,2020-06-22T19:06:00,1258000.00,,,no_process
,,order_buy_mpg,phamsen20,phamsen20,22/06/2020 16:06,2020-06-22T16:06:00,200000.00,,,no_process
,,order_buy_mpg,hoangxuan999,hoangxuan999,22/06/2020 10:06,2020-06-22T10:06:00,500000.00,,,no_process
,,order_buy_mpg,thanhhung83,thanhhung83,22/06/2020 09:06,2020-06-22T09:06:00,676000.00,,,no_process
,,order_buy_mpg,lehai71,lehai71,21/06/2020 21:06,2020-06-21T21:06:00,1000000.00,,,no_process
,,order_buy_mpg,truongson67ht,truongson67ht,21/06/2020 18:06,2020-06-21T18:06:00,600000.00,,,no_process
,,order_buy_mpg,mai88,mai88,21/06/2020 15:06,2020-06-21T15:06:00,848000.00,,,no_process
,,order_buy_mpg,mai88,mai88,21/06/2020 08:06,2020-06-21T08:06:00,500000.00,,,no_process
,,order_buy_mpg,dung83,dung83,20/06/2020 20:06,2020-06-20T20:06:00,500000.00,,,no_process
,,order_buy_mpg,khanh76,khanh76,20/06/2020 20:06,2020-06-20T20:06:00,500000.00,,,no_process
,,order_buy_mpg,thanhtruc02,thanhtruc02,20/06/2020 19:06,2020-06-20T19:06:00,50000000.00,,,no_process
,,order_buy_mpg,buihung96,buihung96,20/06/2020 18:06,2020-06-20T18:06:00,500000.00,,,no_process
,,order_buy_mpg,huonggiang92,huonggiang92,20/06/2020 14:06,2020-06-20T14:06:00,500000.00,,,no_process
,,order_buy_mpg,yenhuong87,yenhuong87,19/06/2020 18:06,2020-06-19T18:06:00,500000.00,,,no_process
,,order_buy_mpg,0936461838,0936461838,19/06/2020 15:06,2020-06-19T15:06:00,500000.00,,,no_process
,,order_buy_mpg,0936461838,0936461838,19/06/2020 15:06,2020-06-19T15:06:00,500000.00,,,no_process
,,order_buy_mpg,nguyenhanh,nguyenhanh,18/06/2020 22:06,2020-06-18T22:06:00,1000000.00,,,no_process
,,order_buy_mpg,xuanhuong87,xuanhuong87,18/06/2020 10:06,2020-06-18T10:06:00,500000.00,,,no_process
,,order_buy_mpg,minh60,minh60,17/06/2020 22:06,2020-06-17T22:06:00,500000.00,,,no_process
,,order_buy_mpg,hanhle90,hanhle90,17/06/2020 22:06,2020-06-17T22:06:00,1280000.00,,,no_process
,,order_buy_mpg,kieutrang123,kieutrang123,17/06/2020 16:06,2020-06-17T16:06:00,20000000.00,,,no_process
,,order_buy_mpg,dophuong,dophuong,17/06/2020 14:06,2020-06-17T14:06:00,500000.00,,,no_process
,,order_buy_mpg,tuanbd,tuanbd,16/06/2020 18:06,2020-06-16T18:06:00,500000.00,,,no_process
,,order_buy_mpg,thanhtt,thanhtt,16/06/2020 12:06,2020-06-16T12:06:00,200000.00,,,no_process
,,order_buy_mpg,thanhtt,thanhtt,16/06/2020 12:06,2020-06-16T12:06:00,500000.00,,,no_process
,,order_buy_mpg,Huynhhuyen87,Huynhhuyen87,15/06/2020 08:06,2020-06-15T08:06:00,1200000.00,,,no_process
,,order_buy_mpg,hoandc,hoandc,14/06/2020 21:06,2020-06-14T21:06:00,350000.00,,,no_process
,,order_buy_mpg,vuhangna1,vuhangna1,14/06/2020 21:06,2020-06-14T21:06:00,1000000.00,,,no_process
,,order_buy_mpg,nguyet123,nguyet123,14/06/2020 17:06,2020-06-14T17:06:00,500000.00,,,no_process
,,order_buy_mpg,duongduc92,duongduc92,14/06/2020 10:06,2020-06-14T10:06:00,500000.00,,,no_process
,,order_buy_mpg,tinhnl1,tinhnl1,13/06/2020 18:06,2020-06-13T18:06:00,3850000.00,,,no_process
,,order_buy_mpg,Hoanghiep76,Hoanghiep76,13/06/2020 10:06,2020-06-13T10:06:00,500.00,,,no_process
,,order_buy_mpg,The77,The77,13/06/2020 09:06,2020-06-13T09:06:00,608000.00,,,no_process
,,order_buy_mpg,the77,the77,13/06/2020 09:06,2020-06-13T09:06:00,608000.00,,,no_process
,,order_buy_mpg,hoath1,hoath1,13/06/2020 08:06,2020-06-13T08:06:00,7000000.00,,,no_process
,,order_buy_mpg,hien01,hien01,13/06/2020 08:06,2020-06-13T08:06:00,11200000.00,,,no_process
,,order_buy_mpg,huyenct01,huyenct01,13/06/2020 08:06,2020-06-13T08:06:00,3500000.00,,,no_process
,,order_buy_mpg,xinhct1,xinhct1,13/06/2020 08:06,2020-06-13T08:06:00,7000000.00,,,no_process
,,order_buy_mpg,ngocth1,ngocth1,13/06/2020 08:06,2020-06-13T08:06:00,4550000.00,,,no_process
,,order_buy_mpg,nguyenhienhabac78,nguyenhienhabac78,12/06/2020 22:06,2020-06-12T22:06:00,1500000.00,,,no_process
,,order_buy_mpg,Tho83,Tho83,12/06/2020 22:06,2020-06-12T22:06:00,14000000.00,,,no_process
,,order_buy_mpg,Hai87,Hai87,12/06/2020 22:06,2020-06-12T22:06:00,500000.00,,,no_process
,,order_buy_mpg,thaihoaqn,thaihoaqn,12/06/2020 22:06,2020-06-12T22:06:00,530000.00,,,no_process
,,order_buy_mpg,viet01,viet01,12/06/2020 21:06,2020-06-12T21:06:00,529000.00,,,no_process
,,order_buy_mpg,Hoaduong86,Hoaduong86,12/06/2020 21:06,2020-06-12T21:06:00,20420000.00,,,no_process
,,order_buy_mpg,quang96,quang96,12/06/2020 21:06,2020-06-12T21:06:00,500000.00,,,no_process
,,order_buy_mpg,huong79,huong79,12/06/2020 20:06,2020-06-12T20:06:00,500000.00,,,no_process
,,order_buy_mpg,Hoaduong86,Hoaduong86,12/06/2020 18:06,2020-06-12T18:06:00,47710000.00,,,no_process
,,order_buy_mpg,giang81,giang81,12/06/2020 18:06,2020-06-12T18:06:00,20000000.00,,,no_process
,,order_buy_mpg,hoale84,hoale84,12/06/2020 17:06,2020-06-12T17:06:00,1020000.00,,,no_process
,,order_buy_mpg,thao92,thao92,12/06/2020 17:06,2020-06-12T17:06:00,1000000.00,,,no_process
,,order_buy_mpg,thannghe20,thannghe20,12/06/2020 17:06,2020-06-12T17:06:00,3940000.00,,,no_process
,,order_buy_mpg,daotydo,daotydo,12/06/2020 16:06,2020-06-12T16:06:00,2300000.00,,,no_process
,,order_buy_mpg,thannghe20,thannghe20,12/06/2020 15:06,2020-06-12T15:06:00,5000000.00,,,no_process
,,order_buy_mpg,Hai123,Hai123,12/06/2020 14:06,2020-06-12T14:06:00,21000000.00,,,no_process
,,order_buy_mpg,thu123,thu123,12/06/2020 14:06,2020-06-12T14:06:00,500000.00,,,no_process
,,order_buy_mpg,doanthithuy,doanthithuy,12/06/2020 14:06,2020-06-12T14:06:00,21500000.00,,,no_process
,,order_buy_mpg,ngohien90,ngohien90,12/06/2020 14:06,2020-06-12T14:06:00,540000.00,,,no_process
,,order_buy_mpg,hieu89,hieu89,12/06/2020 13:06,2020-06-12T13:06:00,500000.00,,,no_process
,,order_buy_mpg,tinhnguyen87,tinhnguyen87,12/06/2020 13:06,2020-06-12T13:06:00,680000.00,,,no_process
,,order_buy_mpg,loi92,loi92,12/06/2020 10:06,2020-06-12T10:06:00,540000.00,,,no_process
,,order_buy_mpg,nva1997,nva1997,12/06/2020 09:06,2020-06-12T09:06:00,500000.00,,,no_process
,,order_buy_mpg,nhung54,nhung54,12/06/2020 05:06,2020-06-12T05:06:00,536000.00,,,no_process
,,order_buy_mpg,nhiem87,nhiem87,11/06/2020 22:06,2020-06-11T22:06:00,30000000.00,,,no_process
,,order_buy_mpg,tranthuhailinh,tranthuhailinh,11/06/2020 13:06,2020-06-11T13:06:00,2800000.00,,,no_process
,,order_buy_mpg,Huynhhoa80,Huynhhoa80,11/06/2020 11:06,2020-06-11T11:06:00,2000000.00,,,no_process
,,order_buy_mpg,huynhhoa80,huynhhoa80,11/06/2020 11:06,2020-06-11T11:06:00,2000000.00,,,no_process
,,order_buy_mpg,thuongle86,thuongle86,11/06/2020 09:06,2020-06-11T09:06:00,560000.00,,,no_process
,,order_buy_mpg,nguyenvan1,nguyenvan1,10/06/2020 21:06,2020-06-10T21:06:00,500000.00,,,no_process
,,order_buy_mpg,Thuha97,Thuha97,10/06/2020 18:06,2020-06-10T18:06:00,31610000.00,,,no_process
,,order_buy_mpg,Hoaduong86,Hoaduong86,10/06/2020 18:06,2020-06-10T18:06:00,51913000.00,,,no_process
,,order_buy_mpg,Hoaduong86,Hoaduong86,10/06/2020 18:06,2020-06-10T18:06:00,50000000.00,,,no_process
,,order_buy_mpg,tuan61,tuan61,10/06/2020 17:06,2020-06-10T17:06:00,500000.00,,,no_process
,,order_buy_mpg,myhuong79,myhuong79,10/06/2020 16:06,2020-06-10T16:06:00,30000000.00,,,no_process
,,order_buy_mpg,lehongquangxuong,lehongquangxuong,10/06/2020 14:06,2020-06-10T14:06:00,642000.00,,,no_process
,,order_buy_mpg,tho83,tho83,10/06/2020 13:06,2020-06-10T13:06:00,500000.00,,,no_process
,,order_buy_mpg,ngothuan37,ngothuan37,10/06/2020 11:06,2020-06-10T11:06:00,520000.00,,,no_process
,,order_buy_mpg,cuong92,cuong92,10/06/2020 11:06,2020-06-10T11:06:00,500000.00,,,no_process
,,order_buy_mpg,xoan92,xoan92,10/06/2020 00:06,2020-06-10T00:06:00,500000.00,,,no_process
,,order_buy_mpg,hoatien20,hoatien20,09/06/2020 17:06,2020-06-09T17:06:00,500000.00,,,no_process
,,order_buy_mpg,nguyetth,nguyetth,09/06/2020 16:06,2020-06-09T16:06:00,1040000.00,,,no_process
,,order_buy_mpg,dungth,dungth,09/06/2020 16:06,2020-06-09T16:06:00,30000000.00,,,no_process
,,order_buy_mpg,tuyen37,tuyen37,09/06/2020 13:06,2020-06-09T13:06:00,20040000.00,,,no_process
,,order_buy_mpg,loi92,loi92,09/06/2020 09:06,2020-06-09T09:06:00,540000.00,,,no_process
,,order_buy_mpg,dailyhoangthi,dailyhoangthi,08/06/2020 19:06,2020-06-08T19:06:00,20000000.00,,,no_process
,,order_buy_mpg,hoatien20,hoatien20,08/06/2020 14:06,2020-06-08T14:06:00,500000.00,,,no_process
,,order_buy_mpg,nghean37,nghean37,08/06/2020 11:06,2020-06-08T11:06:00,126900.00,,,no_process
,,order_buy_mpg,tranhuongna20,tranhuongna20,08/06/2020 11:06,2020-06-08T11:06:00,857000.00,,,no_process
,,order_buy_mpg,maitq,maitq,08/06/2020 09:06,2020-06-08T09:06:00,500000.00,,,no_process
,,order_buy_mpg,oanh37,oanh37,08/06/2020 08:06,2020-06-08T08:06:00,500000.00,,,no_process
,,order_buy_mpg,hoan20,hoan20,08/06/2020 08:06,2020-06-08T08:06:00,500000.00,,,no_process
,,order_buy_mpg,thuhienth,thuhienth,07/06/2020 16:06,2020-06-07T16:06:00,503000.00,,,no_process
,,order_buy_mpg,haphuongna20,haphuongna20,07/06/2020 15:06,2020-06-07T15:06:00,20077.00,,,no_process
,,order_buy_mpg,thuylinh81,thuylinh81,07/06/2020 14:06,2020-06-07T14:06:00,2000000.00,,,no_process
,,order_buy_mpg,linhct,linhct,07/06/2020 10:06,2020-06-07T10:06:00,517000.00,,,no_process
,,order_buy_mpg,xuanhuong123,xuanhuong123,06/06/2020 23:06,2020-06-06T23:06:00,500000.00,,,no_process
,,order_buy_mpg,thucnguyen90qn,thucnguyen90qn,06/06/2020 17:06,2020-06-06T17:06:00,20000000.00,,,no_process
,,order_buy_mpg,nguyetbao20,nguyetbao20,06/06/2020 16:06,2020-06-06T16:06:00,600000.00,,,no_process
,,order_buy_mpg,lienhung76,lienhung76,06/06/2020 16:06,2020-06-06T16:06:00,340000.00,,,no_process
,,order_buy_mpg,ngathan20,ngathan20,06/06/2020 16:06,2020-06-06T16:06:00,340000.00,,,no_process
,,order_buy_mpg,ngathan20,ngathan20,06/06/2020 15:06,2020-06-06T15:06:00,150000.00,,,no_process
,,order_buy_mpg,chuthongdl63,chuthongdl63,06/06/2020 10:06,2020-06-06T10:06:00,500000.00,,,no_process
,,order_buy_mpg,thudn,thudn,05/06/2020 14:06,2020-06-05T14:06:00,1000000.00,,,no_process
,,order_buy_mpg,ngobich,ngobich,05/06/2020 14:06,2020-06-05T14:06:00,502000.00,,,no_process
,,order_buy_mpg,nguyenty37,nguyenty37,05/06/2020 08:06,2020-06-05T08:06:00,989000.00,,,no_process
,,order_buy_mpg,ngale92,ngale92,04/06/2020 20:06,2020-06-04T20:06:00,500000.00,,,no_process
,,order_buy_mpg,phamthidao,phamthidao,03/06/2020 21:06,2020-06-03T21:06:00,596000.00,,,no_process
,,order_buy_mpg,phamhoa,phamhoa,03/06/2020 16:06,2020-06-03T16:06:00,1122000.00,,,no_process
,,order_buy_mpg,Lehanh86,Lehanh86,03/06/2020 15:06,2020-06-03T15:06:00,520000.00,,,no_process
,,order_buy_mpg,hien83,hien83,03/06/2020 15:06,2020-06-03T15:06:00,20000000.00,,,no_process
,,order_buy_mpg,hien83,hien83,03/06/2020 15:06,2020-06-03T15:06:00,20000000.00,,,no_process
,,order_buy_mpg,tuongmy,tuongmy,03/06/2020 12:06,2020-06-03T12:06:00,500000.00,,,no_process
,,order_buy_mpg,hatien,hatien,03/06/2020 12:06,2020-06-03T12:06:00,500000.00,,,no_process
,,order_buy_mpg,lehanh86,lehanh86,03/06/2020 12:06,2020-06-03T12:06:00,525000.00,,,no_process
,,order_buy_mpg,nguyentn,nguyentn,03/06/2020 10:06,2020-06-03T10:06:00,500000.00,,,no_process
,,order_buy_mpg,thiviet123,thiviet123,03/06/2020 09:06,2020-06-03T09:06:00,50000.00,,,no_process
,,order_buy_mpg,thuxuan123,thuxuan123,03/06/2020 09:06,2020-06-03T09:06:00,1000000.00,,,no_process
,,order_buy_mpg,chung01,chung01,02/06/2020 17:06,2020-06-02T17:06:00,581000.00,,,no_process
,,order_buy_mpg,kimyen,kimyen,02/06/2020 17:06,2020-06-02T17:06:00,503000.00,,,no_process
,,order_buy_mpg,huongxoan20,huongxoan20,02/06/2020 10:06,2020-06-02T10:06:00,500000.00,,,no_process
,,order_buy_mpg,son80,son80,01/06/2020 20:06,2020-06-01T20:06:00,500000.00,,,no_process
,,order_buy_mpg,Hoaduong86,Hoaduong86,01/06/2020 17:06,2020-06-01T17:06:00,31050000.00,,,no_process
,,order_buy_mpg,thiha123,thiha123,01/06/2020 15:06,2020-06-01T15:06:00,500000.00,,,no_process
,,order_buy_mpg,huongsinh123,huongsinh123,01/06/2020 15:06,2020-06-01T15:06:00,500000.00,,,no_process
,,order_buy_mpg,Thanh56,Thanh56,01/06/2020 14:06,2020-06-01T14:06:00,505000.00,,,no_process
,,order_buy_mpg,hai91,hai91,01/06/2020 14:06,2020-06-01T14:06:00,515000.00,,,no_process
,,order_buy_mpg,nguyenthilien,nguyenthilien,01/06/2020 09:06,2020-06-01T09:06:00,560000.00,,,no_process
,,order_buy_mpg,thuong83,thuong83,31/05/2020 20:05,2020-05-31T20:05:00,20000000.00,,,no_process
,,order_buy_mpg,thuong83,thuong83,31/05/2020 20:05,2020-05-31T20:05:00,20000000.00,,,no_process
,,order_buy_mpg,haqn,haqn,31/05/2020 18:05,2020-05-31T18:05:00,20000000.00,,,no_process
,,order_buy_mpg,tieple91,tieple91,31/05/2020 16:05,2020-05-31T16:05:00,500000.00,,,no_process
,,order_buy_mpg,cuc2020,cuc2020,31/05/2020 11:05,2020-05-31T11:05:00,20000.00,,,no_process
,,order_buy_mpg,thamquan,thamquan,31/05/2020 09:05,2020-05-31T09:05:00,100000000.00,,,no_process
,,order_buy_mpg,trang91,trang91,30/05/2020 17:05,2020-05-30T17:05:00,20000000.00,,,no_process
,,order_buy_mpg,trang91,trang91,30/05/2020 17:05,2020-05-30T17:05:00,20000000.00,,,no_process
,,order_buy_mpg,kimsoa37,kimsoa37,30/05/2020 11:05,2020-05-30T11:05:00,617000.00,,,no_process
,,order_buy_mpg,Nghiatrandc,Nghiatrandc,29/05/2020 22:05,2020-05-29T22:05:00,513000.00,,,no_process
,,order_buy_mpg,dunggodau1,dunggodau1,29/05/2020 17:05,2020-05-29T17:05:00,500000.00,,,no_process
,,order_buy_mpg,ngohuy,ngohuy,29/05/2020 17:05,2020-05-29T17:05:00,1000000.00,,,no_process
,,order_buy_mpg,phuong2020,phuong2020,29/05/2020 15:05,2020-05-29T15:05:00,3000000.00,,,no_process
,,order_buy_mpg,levanhoang,levanhoang,29/05/2020 10:05,2020-05-29T10:05:00,500000.00,,,no_process
,,order_buy_mpg,Vantuan71,Vantuan71,28/05/2020 07:05,2020-05-28T07:05:00,543000.00,,,no_process
,,order_buy_mpg,vungocna,vungocna,27/05/2020 14:05,2020-05-27T14:05:00,10850000.00,,,no_process
,,order_buy_mpg,xinhct1,xinhct1,27/05/2020 10:05,2020-05-27T10:05:00,50000000.00,,,no_process
,,order_buy_mpg,Dotaitg,Dotaitg,26/05/2020 22:05,2020-05-26T22:05:00,1000000.00,,,no_process
,,order_buy_mpg,thiviet123,thiviet123,26/05/2020 20:05,2020-05-26T20:05:00,500000.00,,,no_process
,,order_buy_mpg,vanle20,vanle20,26/05/2020 17:05,2020-05-26T17:05:00,500000.00,,,no_process
,,order_buy_mpg,lecuong80,lecuong80,26/05/2020 15:05,2020-05-26T15:05:00,520000.00,,,no_process
,,order_buy_mpg,tynibd,tynibd,26/05/2020 15:05,2020-05-26T15:05:00,565000.00,,,no_process
,,order_buy_mpg,khanhlienpham,khanhlienpham,26/05/2020 09:05,2020-05-26T09:05:00,520000.00,,,no_process
,,order_buy_mpg,atm141,atm141,26/05/2020 09:05,2020-05-26T09:05:00,525000.00,,,no_process
,,order_buy_mpg,nguyetbao20,nguyetbao20,26/05/2020 09:05,2020-05-26T09:05:00,594000.00,,,no_process
,,order_buy_mpg,Vuhoai,Vuhoai,25/05/2020 20:05,2020-05-25T20:05:00,517000.00,,,no_process
,,order_buy_mpg,anthuongvp,anthuongvp,24/05/2020 23:05,2020-05-24T23:05:00,20000000.00,,,no_process
,,order_buy_mpg,nguyet67,nguyet67,24/05/2020 23:05,2020-05-24T23:05:00,500000.00,,,no_process
,,order_buy_mpg,nguyenvan1,nguyenvan1,24/05/2020 23:05,2020-05-24T23:05:00,500000.00,,,no_process
,,order_buy_mpg,viethd,viethd,24/05/2020 20:05,2020-05-24T20:05:00,30000000.00,,,no_process
,,order_buy_mpg,chien170595,chien170595,24/05/2020 13:05,2020-05-24T13:05:00,500000.00,,,no_process
,,order_buy_mpg,thuynguyen,thuynguyen,24/05/2020 13:05,2020-05-24T13:05:00,566000.00,,,no_process
,,order_buy_mpg,trongkhoa70,trongkhoa70,24/05/2020 13:05,2020-05-24T13:05:00,550000.00,,,no_process
,,order_buy_mpg,phuong2020,phuong2020,24/05/2020 08:05,2020-05-24T08:05:00,5000000.00,,,no_process
,,order_buy_mpg,phuong2020,phuong2020,24/05/2020 08:05,2020-05-24T08:05:00,5000000.00,,,no_process
,,order_buy_mpg,dinhsinh123,dinhsinh123,23/05/2020 18:05,2020-05-23T18:05:00,500000.00,,,no_process
,,order_buy_mpg,quang68,quang68,23/05/2020 15:05,2020-05-23T15:05:00,500000.00,,,no_process
,,order_buy_mpg,maiphuong89,maiphuong89,23/05/2020 13:05,2020-05-23T13:05:00,500000.00,,,no_process
,,order_buy_mpg,hoangnihp,hoangnihp,22/05/2020 16:05,2020-05-22T16:05:00,500000.00,,,no_process
,,order_buy_mpg,phuong37,phuong37,22/05/2020 15:05,2020-05-22T15:05:00,500000.00,,,no_process
,,order_buy_mpg,nnguyenoanh,nnguyenoanh,22/05/2020 13:05,2020-05-22T13:05:00,320.00,,,no_process
,,order_buy_mpg,thibac123,thibac123,22/05/2020 12:05,2020-05-22T12:05:00,500000.00,,,no_process
,,order_buy_mpg,damdung,damdung,22/05/2020 09:05,2020-05-22T09:05:00,525000.00,,,no_process
,,order_buy_mpg,vananhna20,vananhna20,22/05/2020 08:05,2020-05-22T08:05:00,525000.00,,,no_process
,,order_buy_mpg,vananhna20,vananhna20,22/05/2020 08:05,2020-05-22T08:05:00,525000.00,,,no_process
,,order_buy_mpg,namle,namle,21/05/2020 21:05,2020-05-21T21:05:00,500000.00,,,no_process
,,order_buy_mpg,minhvuongqn,minhvuongqn,21/05/2020 13:05,2020-05-21T13:05:00,500000.00,,,no_process
,,order_buy_mpg,linhda86,linhda86,21/05/2020 11:05,2020-05-21T11:05:00,500000.00,,,no_process
,,order_buy_mpg,nguyenthilam,nguyenthilam,21/05/2020 11:05,2020-05-21T11:05:00,500000.00,,,no_process
,,order_buy_mpg,oanhvl,oanhvl,21/05/2020 09:05,2020-05-21T09:05:00,20000000.00,,,no_process
,,order_buy_mpg,huong01,huong01,21/05/2020 09:05,2020-05-21T09:05:00,20000000.00,,,no_process
,,order_buy_mpg,hongnhung20,hongnhung20,20/05/2020 18:05,2020-05-20T18:05:00,15000000.00,,,no_process
,,order_buy_mpg,ngocha81,ngocha81,20/05/2020 15:05,2020-05-20T15:05:00,720000.00,,,no_process
,,order_buy_mpg,tongtran,tongtran,20/05/2020 08:05,2020-05-20T08:05:00,525000.00,,,no_process
,,order_buy_mpg,hadua2020,hadua2020,19/05/2020 23:05,2020-05-19T23:05:00,500000.00,,,no_process
,,order_buy_mpg,hadua2020,hadua2020,19/05/2020 23:05,2020-05-19T23:05:00,238000.00,,,no_process
,,order_buy_mpg,lantg01,lantg01,19/05/2020 21:05,2020-05-19T21:05:00,6020000.00,,,no_process
,,order_buy_mpg,huongvl,huongvl,19/05/2020 15:05,2020-05-19T15:05:00,2000000.00,,,no_process
,,order_buy_mpg,Khacbinh123,Khacbinh123,19/05/2020 14:05,2020-05-19T14:05:00,1776000.00,,,no_process
,,order_buy_mpg,maianhabc,maianhabc,19/05/2020 13:05,2020-05-19T13:05:00,20000000.00,,,no_process
,,order_buy_mpg,nguyentrangqn,nguyentrangqn,18/05/2020 22:05,2020-05-18T22:05:00,3535000.00,,,no_process
,,order_buy_mpg,duyenhan,duyenhan,18/05/2020 17:05,2020-05-18T17:05:00,850000.00,,,no_process
,,order_buy_mpg,hongtg,hongtg,18/05/2020 16:05,2020-05-18T16:05:00,500000.00,,,no_process
,,order_buy_mpg,duongnguyen,duongnguyen,18/05/2020 14:05,2020-05-18T14:05:00,74000000.00,,,no_process
,,order_buy_mpg,PHAMTHIHIEN,PHAMTHIHIEN,18/05/2020 09:05,2020-05-18T09:05:00,600000.00,,,no_process
,,order_buy_mpg,maitrang89,maitrang89,16/05/2020 20:05,2020-05-16T20:05:00,500000.00,,,no_process
,,order_buy_mpg,Phucdc,Phucdc,16/05/2020 15:05,2020-05-16T15:05:00,4132000.00,,,no_process
,,order_buy_mpg,phamdao,phamdao,16/05/2020 10:05,2020-05-16T10:05:00,531000.00,,,no_process
,,order_buy_mpg,thinhthinh,thinhthinh,16/05/2020 07:05,2020-05-16T07:05:00,4088000.00,,,no_process
,,order_buy_mpg,nguyenminh20,nguyenminh20,14/05/2020 22:05,2020-05-14T22:05:00,700000.00,,,no_process
,,order_buy_mpg,nguyenminh20,nguyenminh20,14/05/2020 22:05,2020-05-14T22:05:00,700000.00,,,no_process
,,order_buy_mpg,nnguyenoanh,nnguyenoanh,14/05/2020 19:05,2020-05-14T19:05:00,240000.00,,,no_process
,,order_buy_mpg,hayd,hayd,13/05/2020 18:05,2020-05-13T18:05:00,1220000.00,,,no_process
,,order_buy_mpg,lenguyen,lenguyen,13/05/2020 16:05,2020-05-13T16:05:00,600000.00,,,no_process
,,order_buy_mpg,truong,truong,13/05/2020 16:05,2020-05-13T16:05:00,30000000.00,,,no_process
,,order_buy_mpg,truong,truong,13/05/2020 16:05,2020-05-13T16:05:00,30000000.00,,,no_process
,,order_buy_mpg,vothithuyna20,vothithuyna20,13/05/2020 12:05,2020-05-13T12:05:00,500000.00,,,no_process
